"Dangers Of The Mind LLC ","xxxxxxxx","RESELIENCE","90141538","RESILIENCE HEALTH & FITNESS","90257347","Resilience Health & Fitness"
"BMR SUPREME ","xxxxxxxx","PURELIS","87246808","PURILIZE","90249828","CTK Trucking and Logistics Inc."
"COSORI CORPORATION ","xxxxxxxx","COSORI","87270651","COSORI CUBE","90249474","Arovast Corporation"
"HIP STUDIO INC. ","xxxxxxxx","HIPLIFE","87215525","SAFE SETS","90240225","FootVox Studio LLC"
"Mank GmbH ","xxxxxxxx","LINFLAIR SOFTER THAN LINEN","79090732","LINFLA","90215138","HUANG YULING"
"WING ENTERPRISES LLC ","xxxxxxxx","WING","86215332","WINGPET","90209942","Fetchadate LLC"
"Costa John V. ","xxxxxxxx","COSTA RESEARCH AND DEVELOPMENT","86494427","COSTA CUSTOM BOATS","90196357","Cayo Custom Boats LLC"
"UNITED SLEEP CENTERS ","xxxxxxxx","SLEEP WELL LIVE WELL","77803321","SLEEP WELL. LIVE HEALTHY.","90188956","Watermark Medical Inc."
"SIERRA SAGE ","xxxxxxxx","KUMBA COFFEE","87450726","QUMBA KOMBUCHA POWDER","90184322","Lief Organics LLC"
"FULLER VICTORIA ","xxxxxxxx","ROYAL PET COUTURE","85972318","ROYAL ANIMALS COUTURE","90182844","Royal Animals Ltd."
"MICHAEL L. MARTIN JR. ","xxxxxxxx","SHE-E-O","87380697","SHE'S A SHEEO","90178929","Ari Squires International Inc."
"NANCHANG SAIDI E-COMMERCE CO.LTD. ","xxxxxxxx","DCIKI","88234623","DCIKO","90146919","Quanzhou Moke Network Technology Co. Ltd."
"PGWOOD FLOORS LLC ","xxxxxxxx","PORT GAMBLE HARDWOODS","87682119","PORT GAMBLE HARDWOODS","90135880","Rynearson James"
"Kem/Brenda Rounds ","xxxxxxxx","BIG BOY SWAGGER","76713178","BIG BOY SWAGGIN","90119601","Drakeford Kris"
"Sole Source Restoration LLC ","xxxxxxxx","SOLE SOURCE RESTORATION","88853725","SOLE SOURCE CONSTRUCTION","90112363","Sole Source Construction"
"WARPO CORP ","xxxxxxxx","WARPO MAKING YESTERDAY'S TOYS","86292896","WORPO","90102282","Shenzhenshi Yuanfeng Technology Co.Ltd"
"THE PLANT HOUSE ","xxxxxxxx","PLANT LIFE INDOORS","88621355","PLANTLIFE","90099931","Plant Life Inc"
"RICHMOND RV RENTALS ","xxxxxxxx","RICHMOND RV RENTALS","88054477","RICHMOND STORAGE SOLUTIONS","90090644","KANDR Enterprises LLC"
"Peculiar Roots L.L.C. ","xxxxxxxx","PECULIAR ROOTS","88597769","PECULIAR LOCS","90082001","Darnley Detara A"
"DESIGN ELEMENT GROUP INC ","xxxxxxxx","LUCA KITCHEN & BATH","88373878","DISNEY·PIXAR LUCA","90080540","Disney Enterprises Inc."
"PLANIPRÊT ","xxxxxxxx","MP MORTGAGES","86452953","MP MORTGAGE POSSIBLE BY SUN WEST MORTGAGE COMPANY INC. NMLS 3277","90072328","Sun West Mortgage Company Inc."
"Sun Smart LLC ","xxxxxxxx","SUN SMART BY E&H GLOBAL","85732663","SUNSMART","90055803","Constructive Resource Inc."
"Reed Ranching Co. Inc. ","xxxxxxxx","RUBY MOUNTAIN","75298781","RUBY","90048728","Ruby Wellness Inc."
"ZVENTUS ","xxxxxxxx","CLOE","87950084","CHLO3","90045804","Broadway Jr. Cornist Lavalle"
"SHENZHEN ARILYNNA CLOTHING LIMITED CO. LTD ","xxxxxxxx","ARILYNNA","87017725","ARILANA","90044690","UC COSTUMES INC."
"Herbal Regenesis LLC ","xxxxxxxx","HERBAL REGENESIS","88837632","REGENESIS","90039967","Synaptec Network Inc."
"Farouk Systems Inc. ","xxxxxxxx","CHI","76512597","CHI & CHIANG","90032293","Chi & Chiang LLC"
"Hoffman Brad ","xxxxxxxx","MY LEARNING SPRINGBOARD","77787444","SPRINGBOARD","90031577","College Board"
"SHEN ZHEN SHI ZHONG TAI LE KE JI CO. LTD ","xxxxxxxx","MWFUS","87832988","MWFUS","90028012","Chen Yining"
"SHENZHEN LOVELED TECHNOLOGY CO. LTD ","xxxxxxxx","EASYLIFE","87058869","EASYLIFE","90026508","Walter R. Tucker Enterprises Ltd."
"KNG SPORTS INC. ","xxxxxxxx","WELL","88339020","WELL HOBBY","90017268","YING YI TOYS INDUSTRIAL LIMITED"
"JASMINE TECHNOLOGIES LTD. ","xxxxxxxx","KERBI","79169588","CURBEE","90014103","DVX Ventures LLC"
"GUANGZHOU SHU YI JIE NETWORK TECHNOLOGY CO.LTD ","xxxxxxxx","SUYEESON","87055860","SUYESON","90012799","DONGGUAN SUYUEXIN TECHNOLOGY CO. LTD."
"CHARLYN NATER-SEVERINO ","xxxxxxxx","GOD ENGRAVED ME","87912741","RELENTLESS FAITH","90012164","God Engraved Me llc"
"Pearson Michael ","xxxxxxxx","F.O.E FAMILY OVER EVERYTHING","85734079","FAMILY OVER EVERYTHING FOUNDATION","90002485","FOE Foundation Inc."
"BIOVILLE FARMS PVT LTD ","xxxxxxxx","FARMERIE","79157443","FARMERY","90002300","FARMERY INC."
"TRIDENT-PSI INC. ","xxxxxxxx","TRIDENT-PSI INC.","86245469","TRIDENT MEDICAL STAFFING","90000088","Sullivan Resource Management Inc"
"TRUMOR LLC ","xxxxxxxx","PUMPKIN","86854091","PUMPKIN PIE","88960032","Whipped Cream PBC"
"enmCore LLC. ","xxxxxxxx","BEER KONG EST. 2019","88576002","KONG BEER BONG","88957385","Lady Liberty Drinking LLC"
"BALANCE BY NATURE INC ","xxxxxxxx","BALANCE BY NATURE INC","88447727","BALANCE OF NATURE","88956427","Premier Health LLC"
"Ahmed Ather ","xxxxxxxx","GREEN LEAF","85691781","GREEN LEAF MEDICAL","88945947","Green Leaf Medical LLC"
"WTE TRADE & DEVELOPMENT CORP ","xxxxxxxx","GOOD THOUGHTS SOAP COMPANY","86336152","GOOD THOUGHTS","88943630","COMMON SENSE COUNSEL IP HOLDINGS"
"Miracle Herbs & Wellness Corporation ","xxxxxxxx","IMMUNE POWER 300","86610589","POWERIMMUNE","88940332","Nutronco"
"Bluenote Software LLC ","xxxxxxxx","BLUENOTE COMMUNICATOR","88875888","BLUE NOTE THERAPEUTICS","88935977","Blue Note Therapeutics Inc."
"MIR Partners Inc. ","xxxxxxxx","BATTLE CAMP","86143069","BATTLECAMP","88934655","Dorairaj Jason D."
"KAZ AMOR INC. ","xxxxxxxx","VOCE HAIRCARE","85353359","VOCE VIVA","88932842","L'OREAL"
"DREAMS 2 REALITY LLC ","xxxxxxxx","DREAMS 2 REALITY STUDIO LLC","86949792","DREAM N2 REALITY PERFORMING ARTS","88919644","Malania Hansford"
"YOUTOPIA FOODS LLC ","xxxxxxxx","YOUTOPIA","87677482","YOUTOPIA MEALS","88909896","Greenscape Ventures LLC"
"Mediverse International Inc. ","xxxxxxxx","UTOPIA","85982297","YOUTOPIA MEALS","88909896","Greenscape Ventures LLC"
"Utopia Complete LLC ","xxxxxxxx","UTOPIA FOOD & FITNESS","85895309","YOUTOPIA MEALS","88909896","Greenscape Ventures LLC"
"Tech Hollywood Studios Corp. ","xxxxxxxx","I WANT IT","85968623","I WANT IT NOW","88905574","HOUSE OF SKYE LTD"
"Mallard Media ","xxxxxxxx","JEAN-PAUL JP BOURGEOIS","88805303","JEAN-PAUL XO","88896853","Flerin Jean-Paul"
"ESSENTIA PHARMA LLC ","xxxxxxxx","ESSENTIA PHARMA","85976699","ESSENTIA THERAPY","88885199","Essentia Therapy"
"JEREMY LIND ","xxxxxxxx","NOTORIOUS GAMING","87667481","NOTORIOUS","88881342","NOTORIOUS HOLDINGS LLC"
"C2 Skincare Inc ","xxxxxxxx","C2 CALIFORNIA CLEAN","87279732","C2 CLEAN BEAUTY","88863106","C2 CLEAN BEAUTY INC."
"Reevo Inc. ","xxxxxxxx","EARTHRADIO","85567547","EARTH RADIO","88826879","Earth Radio"
"CAROL'S SALT LLC ","xxxxxxxx","CAROL'S","87413007","CAROL'S GARDEN TERANA","88826845","Terana S.A."
"LEO NANCY ","xxxxxxxx","PEARLY GATE THREADS WEAR THE MESSAGE OF LOVE","85728802","PEARLY GATES","88823588","TSI GROOVE AND SPORTS CO. LTD."
"THE LANDAU GROUP PC ","xxxxxxxx","KEVIN A LANDAU","88087864","LANDAU & ASSOCIATES","88815430","The Law Offices of Kanner & Pintaluga P.A."
"NAMELESS NETWORK INC ","xxxxxxxx","NAMELESS NETWORK","87837203","NAMELESS MOVEMENT RECORDS","88809596","Tywan Quadarius Bell"
"NAMELESS NETWORK INC. ","xxxxxxxx","NAMELESS","87837442","NAMELESS MOVEMENT RECORDS","88809596","Tywan Quadarius Bell"
"Praxis EMR ","xxxxxxxx","PRAXIS","78226025","NEUROPRAXIS","88808451","NeuroPraxis LLC"
"AUTOMOBILE CLUB OF SOUTHERN CALIFORNIA ","xxxxxxxx","PREMIER","76536895","PREMIER","88807658","Premier Plus IP Holdings LLC"
"HEALTHEO360 LLC ","xxxxxxxx","MEDTERA","77822480","MEDTERA HEALTHCARE INTELLIGENCE","88806864","Duplay David"
"Mullin Kevin ","xxxxxxxx","EAST COAST VAPES","86620580","EAST COAST CANNABIS","88804616","Arcanna LLC"
"TOKENS THE","xxxxxxxx","THE TOKENS","73727131","TOKENS SHOW","88796442","Tokens Media LLC"
"AMG PET CARE LTD ","xxxxxxxx","BRAMBLE'S CHOICE","87496385","BRAMBLE","88787104","Bramble Inc."
"RIGICONINC. ","xxxxxxxx","CONTIREFLEX","88718568","REFLEX","88780103","Medline Industries Inc."
"Lifetime Impact Group Llc ","xxxxxxxx","FREEDOM FIGHTERS","86744714","FREEDOM FIGHTER OUTDOORS FREEDOMFIGHTEROUTDOORS.ORG","88775344","Freedom Fighter Outdoors Inc."
"RAO KAI ","xxxxxxxx","GENTIGER","88353630","GEN.G TIGERS SHANGHAI","88764531","KSV eSports LLC"
"Creighton University ","xxxxxxxx","HALO INSTITUTE","85094574","HALO REALTY GROUP","88737751","Halo Senior Solutions LLC"
"MOOSE CREATIVE MANAGEMENT PTY LTD ","xxxxxxxx","MAKE SPRAY AND THEY STAY","79181215","SPRAY AND STAY","88734691","Creative Kids Far East Inc."
"MILLENNIUM FOOD GROUP LLC ","xxxxxxxx","UNCLE JOE'S","86041609","UNCLE JOE'S","88727612","Uncle Joe's Inc."
"KWEEN LLC ","xxxxxxxx","KWEEN","87646507","BEAUTYKWEEN","88677243","Ultra Access LLC"
"ROTECH HEALTHCARE INC. ","xxxxxxxx","CARE PLUS+","77314230","CARE +","88675825","Integrated Care Solutions LLC"
"SIMMONSBRENDA J ","xxxxxxxx","COOL-U/WARM-U","88295110","COOLU","88642403","Donna Sinopoli"
"BLACKTRACE HOLDINGS LIMITED ","xxxxxxxx","FLUIDIC FACTORY","87123815","FLUID FACTORY","88623889","Nils Dickfeld"
"MICROVELLUM SOFTWARE ","xxxxxxxx","FLUID DESIGNER","86194670","FLUID FACTORY","88623889","Nils Dickfeld"
"DESCHNER CORPORATION ","xxxxxxxx","FLUID POWER","73144123","FLUID FACTORY","88623889","Nils Dickfeld"
"SKILLED NURSING PHARMACY LLC ","xxxxxxxx","ELEVARE SPECIALTY SERVICES","88345958","ELEVAR THERAPEUTICS","88618660","Elevar Therapeutics Inc."
"BULLY MUSIC GANG ","xxxxxxxx","BMG","87887358","BMG","88606263","Capone Andrew"
"O'HENRY BAND LLC ","xxxxxxxx","O'HENRY","86031703","ØHENRY","88602863","Oyekanmi Henry"
"STEELOS GROUP LLC ","xxxxxxxx","STEELOS","85775639","STEELO","88597214","Yoshi Doll LLC"
"CHILMARK CHOCOLATES INC ","xxxxxxxx","CHILMARK CHOCOLATES STATE ROAD CHILMARK MASS 02535/645-3013","87690396","CHILMARK CHOCOLATES","88571616","Teuscher Jason B."
"POSIN DAVID ","xxxxxxxx","EQUIPPED","85705073","EQUIP","88517037","PUREWOD LLC"
"TONY LE ","xxxxxxxx","HERITAGE PARK AVE","87279630","PARK AVENUE WHISKEY","88498628","H.J.G. Liquor Inc."
"COP-PURE-CURE ","xxxxxxxx","COP-PURE-CURE","88141065","PURE CURE MICHIGAN","88482309","Pure Cure LLC"
"MEDIANEXT LABS INC. ","xxxxxxxx","MEDIANEXT LABS","86813053","NEXTLAB","88460239","Boston Scientific Scimed Inc."
"The Catholic Distance University ","xxxxxxxx","CDU","86131393","CHARLES R. DREW UNIVERSITY OF MEDICINE AND SCIENCE CDU","88444330","Charles R. Drew University of Medicine and Science"
"TIANA DUVAUCHELLE ","xxxxxxxx","JUICE HOUSE CO.","88064923","THE JUICE HOUSE","88411301","The Juice House IP Holdings LLC"
"STAR USA INC ","xxxxxxxx","SGT","86339700","SGT","88385416","SGT Partners LLC"
"BODIED WEAR LLC ","xxxxxxxx","BODIED","87877587","BODIEDBYMURDA","88380447","Murdock Khristen"
"ACOSTA JULIANNY ","xxxxxxxx","KINGDOM FIT","88184541","THE KINGDOM","88295719","Taylor Made Golf Company Inc."
"FIT KINGDOM LLC ","xxxxxxxx","FK FIT KINGDOM","86959967","THE KINGDOM","88295719","Taylor Made Golf Company Inc."
"CHILDREN'S LITERACY CENTER ","xxxxxxxx","PEAK READER","75979491","PEAK TEAM","88281445","Peak Oyun Yazilim ve Pazarlama A.S."
"PEAK RECORDS INC. ","peakrecordsusa@gmail.com","PEAK RECORDS","74545133","PEAK TEAM","88281445","Peak Oyun Yazilim ve Pazarlama A.S."
"SCYSE GLOBAL SL ","xxxxxxxx","LABS","85537670","H2OLABS","88208764","H2o Labs Ltd."
"PARIS BUSINESS PRODUCTS INC ","xxxxxxxx","COR","85920433","CORE18V","88172672","Robert Bosch GmbH"
"UNITED POWER GROUP INCORPORATED ","xxxxxxxx","UNITED POWER","87717481","UNITED","88171332","UNITED AIRLINES INC."
"MPF NUTRITION LLC ","xxxxxxxx","VENOM OF A FREAK","86408526","VENOM","88038853","Dragon Pharma LLC"
"PINNACLE FITNESS CENTER LLC ","xxxxxxxx","PINNACLE FITNESS CENTER","87662758","PINNACLE PERFORMANCE","87904063","Pinnacle Performance LLC"
"PHI NGUYEN ","xxxxxxxx","LOOK AESTHETICA","86901730","AESTHETICA","87868123","Aesthetica LLC"
"Smart Nutrition by Karen Graham LLC ","xxxxxxxx","SMART NUTRITION","85889751","NUTRICIÓN INTELIGENTE / SMART NUTRITION","87689250","C.I. Nutreo S.A.S."
"OMNI HERBALS LLC ","xxxxxxxx","RASPBERRY KETONE BLAST","86041939","KETOBLAST","87684767","CLEAN LIFE SCIENCES INC."
"QuickRewards Network INC. ","xxxxxxxx","QUICKREWARDS","77190057","KWIK REWARDS","86896053","Kwik Trip Inc."
"INFINITY KINETICS ","xxxxxxxx","INFINITY KINETICS","87841782","INFINITY","79289009","Elekta AB (publ)"
"LI DONG ","xxxxxxxx","MIRA","86733765","MIRA","79288636","Spindiag GmbH"
"ANDERSON WILLIAM B. ","xxxxxxxx","TOWMATE","87398205","TOWMATE","79285801","ATE Holdings Ltd"
"SHENZHEN CITY SHUANGXIANG TECHNOLOGY CO. LTD ","xxxxxxxx","EIMELI","87622244","EIMELE","79284410","HANGZHOU YICAN BRAND MANAGEMENT CO. LTD."
"Russell Scott ","xxxxxxxx","E-T WHEELS","88653135","ET","79283993","P. de Heus en Zonen Greup B.V."
"GOAL BRANDS INCORPORATED ","xxxxxxxx","GOAL","86060481","GOALGREEN","79281559","COSMOPROJECT S.p.A."
"Universal Remote Control Inc. ","xxxxxxxx","CCGEN2 AUTOMATION SYSTEM","86073584","GENTWO FINANCIAL PRODUCTS 2","79281245","GenTwo AG"
"XZILLION BV ","xxxxxxxx","ARTISTIX","79115712","ARTRISTIC","79274113","Artristic Australia Pty Ltd"
"SHENZHEN KUN PENG INTELLIGENT ELECTRONICS CO. LTD ","xxxxxxxx","KUNPENG","87783203","KUNPENG","79271955","HUAWEI TECHNOLOGIES CO. LTD."
"CIXI DAOQI ELECTRONIC COMMERCE CO LTD ","xxxxxxxx","VQ VVQ GYM WEAR","87887911","VQ","79243643","Vanquish Fitness Ltd"
"MMIC GROUP INC. ","xxxxxxxx","BRIGHTER TOGETHER","86321653","BARINGA BRIGHTER TOGETHER","79234111","Baringa Partners LLP"
